id,userId,title,completed
59,3,perspiciatis velit id laborum placeat iusto et aliquam odio,false
86,5,incidunt ut saepe autem,true
15,1,ab voluptatum amet voluptas,true
21,2,suscipit repellat esse quibusdam voluptatem incidunt,false
89,5,sequi ut omnis et,true
68,4,aut id perspiciatis voluptatem iusto,false
72,4,praesentium facilis facere quis harum voluptatibus voluptatem eum,false
9,1,molestiae perspiciatis ipsa,false
54,3,quis et est ut voluptate quam dolor,true
57,3,pariatur et magnam ea doloribus similique voluptatem rerum quia,false
